<annotation>
	<folder></folder>
	<filename>9_jpg.rf.a4fe83ec7d841dffde233e3795c0e3c2.jpg</filename>
	<path>9_jpg.rf.a4fe83ec7d841dffde233e3795c0e3c2.jpg</path>
	<source>
		<database>roboflow.com</database>
	</source>
	<size>
		<width>640</width>
		<height>640</height>
		<depth>3</depth>
	</size>
	<segmented>0</segmented>
	<object>
		<name>Gatorade</name>
		<pose>Unspecified</pose>
		<truncated>0</truncated>
		<difficult>0</difficult>
		<occluded>0</occluded>
		<bndbox>
			<xmin>357</xmin>
			<xmax>385</xmax>
			<ymin>427</ymin>
			<ymax>494</ymax>
		</bndbox>
	</object>
	<object>
		<name>Gatorade</name>
		<pose>Unspecified</pose>
		<truncated>0</truncated>
		<difficult>0</difficult>
		<occluded>0</occluded>
		<bndbox>
			<xmin>381</xmin>
			<xmax>410</xmax>
			<ymin>418</ymin>
			<ymax>489</ymax>
		</bndbox>
	</object>
	<object>
		<name>Gatorade</name>
		<pose>Unspecified</pose>
		<truncated>0</truncated>
		<difficult>0</difficult>
		<occluded>0</occluded>
		<bndbox>
			<xmin>405</xmin>
			<xmax>436</xmax>
			<ymin>426</ymin>
			<ymax>494</ymax>
		</bndbox>
	</object>
</annotation>
