<annotation>
	<folder></folder>
	<filename>Nevera7_jpg.rf.64c9fd8846011ee250bfca0604772af3.jpg</filename>
	<path>Nevera7_jpg.rf.64c9fd8846011ee250bfca0604772af3.jpg</path>
	<source>
		<database>roboflow.com</database>
	</source>
	<size>
		<width>640</width>
		<height>640</height>
		<depth>3</depth>
	</size>
	<segmented>0</segmented>
	<object>
		<name>Gatorade</name>
		<pose>Unspecified</pose>
		<truncated>0</truncated>
		<difficult>0</difficult>
		<occluded>0</occluded>
		<bndbox>
			<xmin>149</xmin>
			<xmax>188</xmax>
			<ymin>311</ymin>
			<ymax>393</ymax>
		</bndbox>
	</object>
	<object>
		<name>Gatorade</name>
		<pose>Unspecified</pose>
		<truncated>0</truncated>
		<difficult>0</difficult>
		<occluded>0</occluded>
		<bndbox>
			<xmin>196</xmin>
			<xmax>235</xmax>
			<ymin>310</ymin>
			<ymax>393</ymax>
		</bndbox>
	</object>
	<object>
		<name>Gatorade</name>
		<pose>Unspecified</pose>
		<truncated>0</truncated>
		<difficult>0</difficult>
		<occluded>0</occluded>
		<bndbox>
			<xmin>236</xmin>
			<xmax>271</xmax>
			<ymin>314</ymin>
			<ymax>392</ymax>
		</bndbox>
	</object>
	<object>
		<name>Gatorade</name>
		<pose>Unspecified</pose>
		<truncated>0</truncated>
		<difficult>0</difficult>
		<occluded>0</occluded>
		<bndbox>
			<xmin>279</xmin>
			<xmax>316</xmax>
			<ymin>314</ymin>
			<ymax>389</ymax>
		</bndbox>
	</object>
	<object>
		<name>Gatorade</name>
		<pose>Unspecified</pose>
		<truncated>0</truncated>
		<difficult>0</difficult>
		<occluded>0</occluded>
		<bndbox>
			<xmin>102</xmin>
			<xmax>144</xmax>
			<ymin>424</ymin>
			<ymax>503</ymax>
		</bndbox>
	</object>
	<object>
		<name>Gatorade</name>
		<pose>Unspecified</pose>
		<truncated>0</truncated>
		<difficult>0</difficult>
		<occluded>0</occluded>
		<bndbox>
			<xmin>147</xmin>
			<xmax>191</xmax>
			<ymin>424</ymin>
			<ymax>499</ymax>
		</bndbox>
	</object>
	<object>
		<name>Gatorade</name>
		<pose>Unspecified</pose>
		<truncated>0</truncated>
		<difficult>0</difficult>
		<occluded>0</occluded>
		<bndbox>
			<xmin>194</xmin>
			<xmax>229</xmax>
			<ymin>419</ymin>
			<ymax>494</ymax>
		</bndbox>
	</object>
	<object>
		<name>speed</name>
		<pose>Unspecified</pose>
		<truncated>0</truncated>
		<difficult>0</difficult>
		<occluded>0</occluded>
		<bndbox>
			<xmin>76</xmin>
			<xmax>119</xmax>
			<ymin>112</ymin>
			<ymax>182</ymax>
		</bndbox>
	</object>
	<object>
		<name>speed</name>
		<pose>Unspecified</pose>
		<truncated>0</truncated>
		<difficult>0</difficult>
		<occluded>0</occluded>
		<bndbox>
			<xmin>116</xmin>
			<xmax>159</xmax>
			<ymin>116</ymin>
			<ymax>186</ymax>
		</bndbox>
	</object>
</annotation>
