<annotation>
	<folder></folder>
	<filename>Nevera_jpg.rf.1cf1316020c3046913e8ded7237e16e5.jpg</filename>
	<path>Nevera_jpg.rf.1cf1316020c3046913e8ded7237e16e5.jpg</path>
	<source>
		<database>roboflow.com</database>
	</source>
	<size>
		<width>640</width>
		<height>640</height>
		<depth>3</depth>
	</size>
	<segmented>0</segmented>
	<object>
		<name>Gatorade</name>
		<pose>Unspecified</pose>
		<truncated>0</truncated>
		<difficult>0</difficult>
		<occluded>0</occluded>
		<bndbox>
			<xmin>332</xmin>
			<xmax>370</xmax>
			<ymin>245</ymin>
			<ymax>338</ymax>
		</bndbox>
	</object>
	<object>
		<name>Gatorade</name>
		<pose>Unspecified</pose>
		<truncated>0</truncated>
		<difficult>0</difficult>
		<occluded>0</occluded>
		<bndbox>
			<xmin>296</xmin>
			<xmax>333</xmax>
			<ymin>245</ymin>
			<ymax>339</ymax>
		</bndbox>
	</object>
	<object>
		<name>Gatorade</name>
		<pose>Unspecified</pose>
		<truncated>0</truncated>
		<difficult>0</difficult>
		<occluded>0</occluded>
		<bndbox>
			<xmin>142</xmin>
			<xmax>198</xmax>
			<ymin>403</ymin>
			<ymax>523</ymax>
		</bndbox>
	</object>
	<object>
		<name>speed</name>
		<pose>Unspecified</pose>
		<truncated>0</truncated>
		<difficult>0</difficult>
		<occluded>0</occluded>
		<bndbox>
			<xmin>305</xmin>
			<xmax>343</xmax>
			<ymin>168</ymin>
			<ymax>226</ymax>
		</bndbox>
	</object>
</annotation>
