<annotation>
	<folder></folder>
	<filename>nevera1_jpg.rf.5fe10c26f0fda667bc3a25713cb5de0a.jpg</filename>
	<path>nevera1_jpg.rf.5fe10c26f0fda667bc3a25713cb5de0a.jpg</path>
	<source>
		<database>roboflow.com</database>
	</source>
	<size>
		<width>640</width>
		<height>640</height>
		<depth>3</depth>
	</size>
	<segmented>0</segmented>
	<object>
		<name>speed</name>
		<pose>Unspecified</pose>
		<truncated>0</truncated>
		<difficult>0</difficult>
		<occluded>0</occluded>
		<bndbox>
			<xmin>331</xmin>
			<xmax>374</xmax>
			<ymin>110</ymin>
			<ymax>190</ymax>
		</bndbox>
	</object>
	<object>
		<name>speed</name>
		<pose>Unspecified</pose>
		<truncated>0</truncated>
		<difficult>0</difficult>
		<occluded>0</occluded>
		<bndbox>
			<xmin>289</xmin>
			<xmax>331</xmax>
			<ymin>102</ymin>
			<ymax>189</ymax>
		</bndbox>
	</object>
	<object>
		<name>Gatorade</name>
		<pose>Unspecified</pose>
		<truncated>0</truncated>
		<difficult>0</difficult>
		<occluded>0</occluded>
		<bndbox>
			<xmin>213</xmin>
			<xmax>252</xmax>
			<ymin>211</ymin>
			<ymax>307</ymax>
		</bndbox>
	</object>
	<object>
		<name>Gatorade</name>
		<pose>Unspecified</pose>
		<truncated>0</truncated>
		<difficult>0</difficult>
		<occluded>0</occluded>
		<bndbox>
			<xmin>281</xmin>
			<xmax>317</xmax>
			<ymin>207</ymin>
			<ymax>297</ymax>
		</bndbox>
	</object>
</annotation>
