<annotation>
	<folder></folder>
	<filename>nevera5_jpg.rf.25eec73c1002b1f2b0395d2be3a92576.jpg</filename>
	<path>nevera5_jpg.rf.25eec73c1002b1f2b0395d2be3a92576.jpg</path>
	<source>
		<database>roboflow.com</database>
	</source>
	<size>
		<width>640</width>
		<height>640</height>
		<depth>3</depth>
	</size>
	<segmented>0</segmented>
	<object>
		<name>Tamarindo</name>
		<pose>Unspecified</pose>
		<truncated>0</truncated>
		<difficult>0</difficult>
		<occluded>0</occluded>
		<bndbox>
			<xmin>436</xmin>
			<xmax>471</xmax>
			<ymin>56</ymin>
			<ymax>155</ymax>
		</bndbox>
	</object>
	<object>
		<name>Tamarindo</name>
		<pose>Unspecified</pose>
		<truncated>0</truncated>
		<difficult>0</difficult>
		<occluded>0</occluded>
		<bndbox>
			<xmin>470</xmin>
			<xmax>505</xmax>
			<ymin>67</ymin>
			<ymax>152</ymax>
		</bndbox>
	</object>
</annotation>
