<annotation>
	<folder></folder>
	<filename>nevera2_jpg.rf.820a8f4598081264028ef74efcf9fd2d.jpg</filename>
	<path>nevera2_jpg.rf.820a8f4598081264028ef74efcf9fd2d.jpg</path>
	<source>
		<database>roboflow.com</database>
	</source>
	<size>
		<width>640</width>
		<height>640</height>
		<depth>3</depth>
	</size>
	<segmented>0</segmented>
	<object>
		<name>Speed</name>
		<pose>Unspecified</pose>
		<truncated>0</truncated>
		<difficult>0</difficult>
		<occluded>0</occluded>
		<bndbox>
			<xmin>339</xmin>
			<xmax>377</xmax>
			<ymin>70</ymin>
			<ymax>162</ymax>
		</bndbox>
		<polygon>
			<x1>367.836259</x1>
			<y1>68.997009</y1>
			<x2>338.242617</x2>
			<y2>70.501956</y2>
			<x3>341.900293</x3>
			<y3>161.213159</y3>
			<x4>375.617072</x4>
			<y4>158.991089</y4>
			<x5>367.836259</x5>
			<y5>68.997009</y5>
		</polygon>
	</object>
	<object>
		<name>Speed</name>
		<pose>Unspecified</pose>
		<truncated>0</truncated>
		<difficult>0</difficult>
		<occluded>0</occluded>
		<bndbox>
			<xmin>305</xmin>
			<xmax>343</xmax>
			<ymin>54</ymin>
			<ymax>164</ymax>
		</bndbox>
		<polygon>
			<x1>336.713094</x1>
			<y1>53.442478</y1>
			<x2>304.478405</x2>
			<y2>54.553513</y2>
			<x3>310.40662</x3>
			<y3>163.435244</y3>
			<x4>342.270801</x4>
			<y4>161.953854</y4>
			<x5>336.713094</x5>
			<y5>53.442478</y5>
		</polygon>
	</object>
	<object>
		<name>Gatorade</name>
		<pose>Unspecified</pose>
		<truncated>0</truncated>
		<difficult>0</difficult>
		<occluded>0</occluded>
		<bndbox>
			<xmin>213</xmin>
			<xmax>265</xmax>
			<ymin>192</ymin>
			<ymax>303</ymax>
		</bndbox>
		<polygon>
			<x1>251.124411</x1>
			<y1>190.527831</y1>
			<x2>211.783788</x2>
			<y2>194.181469</y2>
			<x3>225.558953</x3>
			<y3>302.001969</y3>
			<x4>264.092394</x4>
			<y4>299.039232</y4>
			<x5>251.124411</x5>
			<y5>190.527831</y5>
		</polygon>
	</object>
	<object>
		<name>Gatorade</name>
		<pose>Unspecified</pose>
		<truncated>0</truncated>
		<difficult>0</difficult>
		<occluded>0</occluded>
		<bndbox>
			<xmin>172</xmin>
			<xmax>230</xmax>
			<ymin>197</ymin>
			<ymax>307</ymax>
		</bndbox>
		<polygon>
			<x1>206.225158</x1>
			<y1>195.571127</y1>
			<x2>170.722927</x2>
			<y2>200.897516</y2>
			<x3>186.284496</x3>
			<y3>306.446152</y3>
			<x4>228.893583</x4>
			<y4>301.261274</y4>
			<x5>206.225158</x5>
			<y5>195.571127</y5>
		</polygon>
	</object>
	<object>
		<name>Gatorade</name>
		<pose>Unspecified</pose>
		<truncated>0</truncated>
		<difficult>0</difficult>
		<occluded>0</occluded>
		<bndbox>
			<xmin>133</xmin>
			<xmax>187</xmax>
			<ymin>201</ymin>
			<ymax>317</ymax>
		</bndbox>
		<polygon>
			<x1>162.201099</x1>
			<y1>199.786474</y1>
			<x2>131.646875</x2>
			<y2>203.909071</y2>
			<x3>155.902375</x3>
			<y3>315.704802</y3>
			<x4>185.913987</x4>
			<y4>310.149612</y4>
			<x5>162.201099</x5>
			<y5>199.786474</y5>
		</polygon>
	</object>
</annotation>
