<annotation>
	<folder></folder>
	<filename>nevera1_jpg.rf.502a16421c738e2d2acf3183255f913e.jpg</filename>
	<path>nevera1_jpg.rf.502a16421c738e2d2acf3183255f913e.jpg</path>
	<source>
		<database>roboflow.com</database>
	</source>
	<size>
		<width>640</width>
		<height>640</height>
		<depth>3</depth>
	</size>
	<segmented>0</segmented>
	<object>
		<name>Gatorade</name>
		<pose>Unspecified</pose>
		<truncated>0</truncated>
		<difficult>0</difficult>
		<occluded>0</occluded>
		<bndbox>
			<xmin>283</xmin>
			<xmax>309</xmax>
			<ymin>321</ymin>
			<ymax>385</ymax>
		</bndbox>
	</object>
	<object>
		<name>Gatorade</name>
		<pose>Unspecified</pose>
		<truncated>0</truncated>
		<difficult>0</difficult>
		<occluded>0</occluded>
		<bndbox>
			<xmin>308</xmin>
			<xmax>334</xmax>
			<ymin>319</ymin>
			<ymax>387</ymax>
		</bndbox>
	</object>
	<object>
		<name>Gatorade</name>
		<pose>Unspecified</pose>
		<truncated>0</truncated>
		<difficult>0</difficult>
		<occluded>0</occluded>
		<bndbox>
			<xmin>336</xmin>
			<xmax>362</xmax>
			<ymin>319</ymin>
			<ymax>389</ymax>
		</bndbox>
	</object>
	<object>
		<name>Gatorade</name>
		<pose>Unspecified</pose>
		<truncated>0</truncated>
		<difficult>0</difficult>
		<occluded>0</occluded>
		<bndbox>
			<xmin>364</xmin>
			<xmax>389</xmax>
			<ymin>324</ymin>
			<ymax>387</ymax>
		</bndbox>
	</object>
	<object>
		<name>Gatorade</name>
		<pose>Unspecified</pose>
		<truncated>0</truncated>
		<difficult>0</difficult>
		<occluded>0</occluded>
		<bndbox>
			<xmin>223</xmin>
			<xmax>254</xmax>
			<ymin>319</ymin>
			<ymax>385</ymax>
		</bndbox>
	</object>
	<object>
		<name>Gatorade</name>
		<pose>Unspecified</pose>
		<truncated>0</truncated>
		<difficult>0</difficult>
		<occluded>0</occluded>
		<bndbox>
			<xmin>255</xmin>
			<xmax>284</xmax>
			<ymin>320</ymin>
			<ymax>385</ymax>
		</bndbox>
	</object>
	<object>
		<name>Speed</name>
		<pose>Unspecified</pose>
		<truncated>0</truncated>
		<difficult>0</difficult>
		<occluded>0</occluded>
		<bndbox>
			<xmin>237</xmin>
			<xmax>260</xmax>
			<ymin>210</ymin>
			<ymax>247</ymax>
		</bndbox>
	</object>
	<object>
		<name>Speed</name>
		<pose>Unspecified</pose>
		<truncated>0</truncated>
		<difficult>0</difficult>
		<occluded>0</occluded>
		<bndbox>
			<xmin>260</xmin>
			<xmax>282</xmax>
			<ymin>208</ymin>
			<ymax>248</ymax>
		</bndbox>
	</object>
	<object>
		<name>Speed</name>
		<pose>Unspecified</pose>
		<truncated>0</truncated>
		<difficult>0</difficult>
		<occluded>0</occluded>
		<bndbox>
			<xmin>284</xmin>
			<xmax>307</xmax>
			<ymin>210</ymin>
			<ymax>249</ymax>
		</bndbox>
	</object>
	<object>
		<name>Speed</name>
		<pose>Unspecified</pose>
		<truncated>0</truncated>
		<difficult>0</difficult>
		<occluded>0</occluded>
		<bndbox>
			<xmin>310</xmin>
			<xmax>332</xmax>
			<ymin>208</ymin>
			<ymax>244</ymax>
		</bndbox>
	</object>
	<object>
		<name>Speed</name>
		<pose>Unspecified</pose>
		<truncated>0</truncated>
		<difficult>0</difficult>
		<occluded>0</occluded>
		<bndbox>
			<xmin>333</xmin>
			<xmax>354</xmax>
			<ymin>209</ymin>
			<ymax>245</ymax>
		</bndbox>
	</object>
	<object>
		<name>Speed</name>
		<pose>Unspecified</pose>
		<truncated>0</truncated>
		<difficult>0</difficult>
		<occluded>0</occluded>
		<bndbox>
			<xmin>355</xmin>
			<xmax>379</xmax>
			<ymin>208</ymin>
			<ymax>245</ymax>
		</bndbox>
	</object>
	<object>
		<name>Speed</name>
		<pose>Unspecified</pose>
		<truncated>0</truncated>
		<difficult>0</difficult>
		<occluded>0</occluded>
		<bndbox>
			<xmin>380</xmin>
			<xmax>405</xmax>
			<ymin>206</ymin>
			<ymax>248</ymax>
		</bndbox>
	</object>
</annotation>
