<annotation>
	<folder></folder>
	<filename>Nevera3_jpg.rf.4ad52a913883204141dd0ae1ba030c0a.jpg</filename>
	<path>Nevera3_jpg.rf.4ad52a913883204141dd0ae1ba030c0a.jpg</path>
	<source>
		<database>roboflow.com</database>
	</source>
	<size>
		<width>640</width>
		<height>640</height>
		<depth>3</depth>
	</size>
	<segmented>0</segmented>
	<object>
		<name>Gatorade</name>
		<pose>Unspecified</pose>
		<truncated>0</truncated>
		<difficult>0</difficult>
		<occluded>0</occluded>
		<bndbox>
			<xmin>288</xmin>
			<xmax>327</xmax>
			<ymin>80</ymin>
			<ymax>175</ymax>
		</bndbox>
	</object>
	<object>
		<name>Gatorade</name>
		<pose>Unspecified</pose>
		<truncated>0</truncated>
		<difficult>0</difficult>
		<occluded>0</occluded>
		<bndbox>
			<xmin>327</xmin>
			<xmax>357</xmax>
			<ymin>82</ymin>
			<ymax>175</ymax>
		</bndbox>
	</object>
	<object>
		<name>Gatorade</name>
		<pose>Unspecified</pose>
		<truncated>0</truncated>
		<difficult>0</difficult>
		<occluded>0</occluded>
		<bndbox>
			<xmin>360</xmin>
			<xmax>393</xmax>
			<ymin>84</ymin>
			<ymax>178</ymax>
		</bndbox>
	</object>
	<object>
		<name>Gatorade</name>
		<pose>Unspecified</pose>
		<truncated>0</truncated>
		<difficult>0</difficult>
		<occluded>0</occluded>
		<bndbox>
			<xmin>395</xmin>
			<xmax>430</xmax>
			<ymin>87</ymin>
			<ymax>178</ymax>
		</bndbox>
	</object>
	<object>
		<name>Gatorade</name>
		<pose>Unspecified</pose>
		<truncated>0</truncated>
		<difficult>0</difficult>
		<occluded>0</occluded>
		<bndbox>
			<xmin>430</xmin>
			<xmax>461</xmax>
			<ymin>88</ymin>
			<ymax>177</ymax>
		</bndbox>
	</object>
	<object>
		<name>Speed</name>
		<pose>Unspecified</pose>
		<truncated>0</truncated>
		<difficult>0</difficult>
		<occluded>0</occluded>
		<bndbox>
			<xmin>398</xmin>
			<xmax>439</xmax>
			<ymin>191</ymin>
			<ymax>263</ymax>
		</bndbox>
		<polygon>
			<x1>437.942513</x1>
			<y1>193.366396</y1>
			<x2>406.064709</x2>
			<y2>189.99477</y2>
			<x3>397.368667</x3>
			<y3>261.534071</y3>
			<x4>426.374646</x4>
			<y4>261.016349</y4>
			<x5>437.942513</x5>
			<y5>193.366396</y5>
		</polygon>
	</object>
	<object>
		<name>tamarindo</name>
		<pose>Unspecified</pose>
		<truncated>0</truncated>
		<difficult>0</difficult>
		<occluded>0</occluded>
		<bndbox>
			<xmin>205</xmin>
			<xmax>239</xmax>
			<ymin>258</ymin>
			<ymax>348</ymax>
		</bndbox>
		<polygon>
			<x1>236.577796</x1>
			<y1>346.746514</y1>
			<x2>237.959097</x2>
			<y2>258.992194</y2>
			<x3>204.154307</x3>
			<y3>257.093909</y3>
			<x4>205.293806</x4>
			<y4>347.072622</y4>
			<x5>236.577796</x5>
			<y5>346.746514</y5>
		</polygon>
	</object>
</annotation>
